{
  "author": "Amit Naik",
  "classifications": [],
  "description": "WhiteApp or QuickApp API solution template which is built on Domain-Driven Design (DDD)-based with all essential feature using .NET Core",
  "name": "Onion Architecture",
  "defaultName": "OA",
  "identity": "OnionArchitecture.CSharp",
  "groupIdentity": "OnionArchitecture",
  "tags": {
    "language": "C#",
    "type": "project"
  },
  "shortName": "OnionArchitecture",
  "sourceName": "OA",
  "guids": [],
  "primaryOutputs": [
    {
      "path": "OA\\OA.csproj"
    },
    {
      "path": "OA.Domain\\OA.Domain.csproj"
    },
    {
      "path": "OA.Infrastructure\\OA.Infrastructure.csproj"
    },
    {
      "path": "OA.Persistence\\OA.Persistence.csproj"
    },
    {
      "path": "OA.Service\\OA.Service.csproj"
    },
    {
      "path": "OA.Test.Integration\\OA.Test.Integration.csproj"
    },
    {
      "path": "OA.Test.Unit\\OA.Test.Unit.csproj"
    }
  ]
}